{"i":1000,"val_loss_history":[2.9139379024506,2.6409124851227,2.3957996368408,2.2307061195374,2.1104032516479,2.0118316650391,1.928672003746,1.8758906364441,1.8297207832336,1.7924057483673,1.7605307102203,1.7171967744827,1.7016563892365,1.6879697322845,1.671547627449,1.6539064884186,1.6382651805878,1.6255882024765,1.6113835334778,1.5917995214462,1.5860951185226,1.5729679107666,1.570547246933,1.5672214508057,1.5521286964417,1.5449479818344,1.5266834974289,1.5250844717026,1.5139171600342,1.5296944856644,1.5182339906693,1.5099799156189,1.5095602035522,1.50411465168,1.4925680160522,1.4957529306412,1.4856953620911,1.479757475853,1.4852796792984,1.4720308542252,1.4726074695587,1.4757539987564,1.4642441272736,1.4600107908249,1.4583897352219,1.4601967811584,1.4628220796585,1.4536276817322,1.4460345983505,1.4483224153519],"val_loss_history_it":[20,40,60,80,100,120,140,160,180,200,220,240,260,280,300,320,340,360,380,400,420,440,460,480,500,520,540,560,580,600,620,640,660,680,700,720,740,760,780,800,820,840,860,880,900,920,940,960,980,1000],"forward_backward_times":{},"opt":{"max_epochs":50,"checkpoint_every":20,"batch_size":50,"memory_benchmark":0,"init_from":"","grad_clip":5,"model_type":"lstm","lr_decay_every":5,"print_every":1,"wordvec_size":64,"seq_length":50,"input_json":"lyrics_ss.json","num_layers":2,"input_h5":"lyrics_ss.h5","reset_iterations":1,"rnn_size":512,"dropout":0,"checkpoint_name":"cv_ss\/checkpoint","batchnorm":0,"learning_rate":0.002,"speed_benchmark":0,"gpu_backend":"cuda","lr_decay_factor":0.5,"gpu":-1},"train_loss_history":[4.3392729759216,3.9545817375183,3.2847764492035,3.1092858314514,3.0384004116058,3.0114026069641,2.9880805015564,2.9975171089172,2.9750888347626,2.9532067775726,2.98428606987,2.9610133171082,2.9527311325073,2.9927515983582,2.948370218277,2.9830870628357,2.9421665668488,2.9627125263214,2.9306752681732,2.9248578548431,2.940771818161,2.9134440422058,2.9190361499786,2.8894038200378,2.8684043884277,2.8855373859406,2.8629202842712,2.8784461021423,2.8059151172638,2.8356003761292,2.864146232605,2.8483126163483,2.7886393070221,2.7926409244537,2.7495820522308,2.7102720737457,2.6961472034454,2.754914522171,2.7078719139099,2.6644701957703,2.7109999656677,2.6842918395996,2.6406621932983,2.5969743728638,2.6032719612122,2.6223006248474,2.6090409755707,2.5559442043304,2.5788276195526,2.5378315448761,2.5292806625366,2.5042374134064,2.4740655422211,2.4942524433136,2.4355375766754,2.4900598526001,2.4476997852325,2.4507775306702,2.427871465683,2.4185736179352,2.4641060829163,2.3825528621674,2.353490114212,2.3670930862427,2.3796527385712,2.3642110824585,2.3249797821045,2.3407950401306,2.3466143608093,2.2851214408875,2.3071174621582,2.2566318511963,2.3223173618317,2.2605655193329,2.2233741283417,2.2834911346436,2.2827351093292,2.286839723587,2.2214334011078,2.2861316204071,2.2951333522797,2.2846026420593,2.2949299812317,2.2307775020599,2.2261426448822,2.2068402767181,2.1924715042114,2.1992247104645,2.2188634872437,2.1462364196777,2.2183909416199,2.2073750495911,2.132253408432,2.1966848373413,2.1577248573303,2.1655988693237,2.1336059570312,2.1078333854675,2.1819479465485,2.0996055603027,2.123735666275,2.1497123241425,2.1616508960724,2.1076836585999,2.0865337848663,2.0991585254669,2.0701434612274,2.1740536689758,2.0990886688232,2.1084315776825,2.1460711956024,2.1550583839417,2.1274802684784,2.0891935825348,2.0697388648987,2.1012983322144,2.0384986400604,2.0723807811737,2.0258748531342,2.0459034442902,2.1009600162506,2.0534904003143,1.9856685400009,2.0270104408264,2.0336561203003,1.9833424091339,2.0051362514496,2.0832266807556,2.0927395820618,2.0077295303345,2.0129182338715,1.9751677513123,1.9734433889389,2.0492260456085,1.9691979885101,2.021651506424,1.9902900457382,1.9511171579361,1.9679238796234,2.0202872753143,2.000328540802,1.9352176189423,1.9452195167542,1.8809330463409,1.943888425827,1.9356606006622,1.968258023262,1.9714603424072,1.9590840339661,1.9933252334595,1.9686125516891,1.9715793132782,1.9701162576675,2.0232176780701,2.0175333023071,1.9425810575485,1.925949215889,1.965668797493,1.9300668239594,1.9064794778824,1.9444828033447,1.9163148403168,1.9780107736588,1.9786306619644,1.8971014022827,1.9279232025146,1.9594044685364,1.9258769750595,1.9475073814392,1.8533684015274,1.890838265419,1.9387075901031,1.9789607524872,1.9299368858337,1.9918134212494,1.8680535554886,1.8850210905075,1.8788304328918,1.962601184845,1.9300665855408,1.8821537494659,1.9247878789902,1.8683372735977,1.8952330350876,1.8547176122665,1.7792599201202,1.8061505556107,1.8362138271332,1.8806993961334,1.8448107242584,1.9006978273392,1.9139018058777,1.8474053144455,1.891814827919,1.7706785202026,1.7685149908066,1.8142496347427,1.8334082365036,1.7954450845718,1.8149756193161,1.8674111366272,1.7717536687851,1.8710536956787,1.8676834106445,1.8366836309433,1.8140811920166,1.8129464387894,1.8578437566757,1.8317328691483,1.8784101009369,1.8008399009705,1.7813760042191,1.8490068912506,1.8555953502655,1.8806351423264,1.8277660608292,1.7843433618546,1.7785687446594,1.7410335540771,1.8264747858047,1.8473075628281,1.8416485786438,1.887412071228,1.8951321840286,1.7755978107452,1.8291456699371,1.7499921321869,1.8046109676361,1.764179110527,1.7757635116577,1.8062994480133,1.8466390371323,1.825946688652,1.8095308542252,1.8309279680252,1.8074070215225,1.7872188091278,1.7910529375076,1.7405332326889,1.73908162117,1.8153338432312,1.7443618774414,1.763832449913,1.8381378650665,1.795990228653,1.7998913526535,1.7812708616257,1.7706304788589,1.7628797292709,1.7327500581741,1.7557094097137,1.7896263599396,1.7703980207443,1.7710117101669,1.7244989871979,1.7679173946381,1.7449122667313,1.737567782402,1.7589650154114,1.7895994186401,1.7894595861435,1.7586039304733,1.7455966472626,1.7094767093658,1.7500474452972,1.7891693115234,1.7611372470856,1.8154257535934,1.8037424087524,1.714607000351,1.6993805170059,1.7955496311188,1.7356336116791,1.7538967132568,1.7624735832214,1.7998490333557,1.7746082544327,1.7372212409973,1.7666193246841,1.7886651754379,1.8454186916351,1.7112935781479,1.7344037294388,1.77379322052,1.8029179573059,1.7846165895462,1.7966593503952,1.7348660230637,1.7751474380493,1.7470474243164,1.7539095878601,1.778228521347,1.7054862976074,1.7839630842209,1.7244211435318,1.7157872915268,1.6920968294144,1.7673560380936,1.7517441511154,1.7340394258499,1.7750052213669,1.6615079641342,1.7205935716629,1.6901669502258,1.6899855136871,1.7560261487961,1.7278138399124,1.7759575843811,1.6704490184784,1.721602678299,1.7013208866119,1.6532459259033,1.6944445371628,1.663836479187,1.7045394182205,1.7546371221542,1.6495789289474,1.7254351377487,1.6742739677429,1.6783845424652,1.7340880632401,1.6798771619797,1.7164191007614,1.7613136768341,1.6831798553467,1.7175115346909,1.6848220825195,1.6347017288208,1.752613067627,1.6905453205109,1.7131042480469,1.7468931674957,1.6771320104599,1.7283366918564,1.6368712186813,1.6895933151245,1.7407153844833,1.6949028968811,1.7615749835968,1.7055171728134,1.7889984846115,1.757805109024,1.7642718553543,1.7739459276199,1.6940202713013,1.733302116394,1.6154834032059,1.6985539197922,1.6746937036514,1.736160993576,1.6576894521713,1.7262029647827,1.6932462453842,1.7082968950272,1.6755428314209,1.6514443159103,1.6721699237823,1.6585636138916,1.664692401886,1.6924904584885,1.7159730195999,1.6869769096375,1.7103708982468,1.6705487966537,1.6973443031311,1.6725037097931,1.6795482635498,1.7304155826569,1.7268451452255,1.6834034919739,1.6842980384827,1.6475636959076,1.6307363510132,1.6610406637192,1.6570534706116,1.7108377218246,1.6463136672974,1.6685794591904,1.6933355331421,1.6787949800491,1.7210931777954,1.6486419439316,1.7279667854309,1.737019777298,1.6575450897217,1.632813334465,1.6800308227539,1.655403137207,1.6897455453873,1.5953565835953,1.6583352088928,1.6486378908157,1.6027247905731,1.6546667814255,1.6178696155548,1.6507424116135,1.6096230745316,1.6323150396347,1.5939439535141,1.6759289503098,1.6814588308334,1.6298644542694,1.6424554586411,1.6430407762527,1.5664367675781,